{"cameraMode":{"drawMode":0,"name":"Shaded","section":"Shading Mode"},"sceneLighting":false,"audioPlay":false,"sceneViewState":{"showFog":true,"showMaterialUpdate":false,"showSkybox":true,"showFlares":true,"showImageEffects":true,"showParticleSystems":true},"in2DMode":false,"pivot":{"x":0.016393080353736879,"y":1.1220197677612305,"z":-7.649282455444336},"rotation":{"x":-0.02497221529483795,"y":0.9634814262390137,"z":-0.24838903546333314,"w":-0.09686513245105744},"size":1.7078285217285157,"orthographic":false}