{"cameraMode":{"drawMode":0,"name":"Shaded","section":"Shading Mode"},"sceneLighting":false,"audioPlay":false,"sceneViewState":{"showFog":true,"showMaterialUpdate":false,"showSkybox":true,"showFlares":true,"showImageEffects":true,"showParticleSystems":true},"in2DMode":false,"pivot":{"x":22.703441619873048,"y":231.07777404785157,"z":-223.75616455078126},"rotation":{"x":0.004186064470559359,"y":-0.039580099284648898,"z":-0.00016602128744125366,"w":-0.9992076754570007},"size":1066.5562744140625,"orthographic":false}