{"cameraMode":{"drawMode":0,"name":"Shaded","section":"Shading Mode"},"sceneLighting":true,"audioPlay":false,"sceneViewState":{"showFog":true,"showMaterialUpdate":false,"showSkybox":true,"showFlares":true,"showImageEffects":true,"showParticleSystems":true},"in2DMode":false,"pivot":{"x":1.0305671691894532,"y":0.36778509616851809,"z":1.188181757926941},"rotation":{"x":0.0009813085198402405,"y":-0.9789520502090454,"z":0.004709294531494379,"w":0.204033762216568},"size":2.115401029586792,"orthographic":false}